937,Reorder Data in Log Files,54.30%,Easy,5.669086975, https://leetcode.com/problems/reorder-data-in-log-files,
200,Number of Islands,46.80%,Medium,5.561995338, https://leetcode.com/problems/number-of-islands,Done
1192,Critical Connections in a Network,48.60%,Hard,5.451163697, https://leetcode.com/problems/critical-connections-in-a-network,
1,Two Sum,45.60%,Easy,5.340332056, https://leetcode.com/problems/two-sum,Done
146,LRU Cache,33.20%,Medium,5.266473619, https://leetcode.com/problems/lru-cache,
973,K Closest Points to Origin,63.80%,Medium,5.155641978, https://leetcode.com/problems/k-closest-points-to-origin,Done
819,Most Common Word,44.80%,Easy,5.044810336, https://leetcode.com/problems/most-common-word,Done
138,Copy List with Random Pointer,36.40%,Medium,5.02865349, https://leetcode.com/problems/copy-list-with-random-pointer,Done
5,Longest Palindromic Substring,29.50%,Medium,4.917821849, https://leetcode.com/problems/longest-palindromic-substring,
994,Rotting Oranges,49.20%,Medium,4.806990208, https://leetcode.com/problems/rotting-oranges,Done
42,Trapping Rain Water,48.90%,Hard,4.697248826, https://leetcode.com/problems/trapping-rain-water,
23,Merge k Sorted Lists,40.20%,Hard,4.599324597, https://leetcode.com/problems/merge-k-sorted-lists,
763,Partition Labels,76.10%,Medium,4.548324962, https://leetcode.com/problems/partition-labels,
2,Add Two Numbers,33.90%,Medium,4.437493321, https://leetcode.com/problems/add-two-numbers,
20,Valid Parentheses,39.00%,Easy,4.362623996, https://leetcode.com/problems/valid-parentheses,Done
21,Merge Two Sorted Lists,53.50%,Easy,4.322317226, https://leetcode.com/problems/merge-two-sorted-lists,Done
127,Word Ladder,29.60%,Medium,4.310600785, https://leetcode.com/problems/word-ladder,
295,Find Median from Data Stream,44.30%,Hard,4.291988229, https://leetcode.com/problems/find-median-from-data-stream,
297,Serialize and Deserialize Binary Tree,47.50%,Hard,4.291093717, https://leetcode.com/problems/serialize-and-deserialize-binary-tree,
692,Top K Frequent Words,51.80%,Medium,4.255293917, https://leetcode.com/problems/top-k-frequent-words,
572,Subtree of Another Tree,44.10%,Easy,4.159077466, https://leetcode.com/problems/subtree-of-another-tree,Done
240,Search a 2D Matrix II,43.20%,Medium,4.048245825, https://leetcode.com/problems/search-a-2d-matrix-ii,
126,Word Ladder II,22.10%,Hard,4.024013334, https://leetcode.com/problems/word-ladder-ii,
472,Concatenated Words,43.70%,Hard,3.921598334, https://leetcode.com/problems/concatenated-words,
642,Design Search Autocomplete System,44.70%,Hard,3.866784666, https://leetcode.com/problems/design-search-autocomplete-system,
957,Prison Cells After N Days,40.70%,Medium,3.849230543, https://leetcode.com/problems/prison-cells-after-n-days,
121,Best Time to Buy and Sell Stock,50.50%,Easy,3.815410005, https://leetcode.com/problems/best-time-to-buy-and-sell-stock,Done
273,Integer to English Words,27.10%,Hard,3.751742975, https://leetcode.com/problems/integer-to-english-words,
4,Median of Two Sorted Arrays,29.60%,Hard,3.729457574, https://leetcode.com/problems/median-of-two-sorted-arrays,
3,Longest Substring Without Repeating Characters,30.40%,Medium,3.673122324, https://leetcode.com/problems/longest-substring-without-repeating-characters,
253,Meeting Rooms II,45.70%,Medium,3.650908416, https://leetcode.com/problems/meeting-rooms-ii,
17,Letter Combinations of a Phone Number,46.80%,Medium,3.646488617, https://leetcode.com/problems/letter-combinations-of-a-phone-number,
348,Design Tic-Tac-Toe,54.30%,Medium,3.6449122, https://leetcode.com/problems/design-tic-tac-toe,
139,Word Break,40.10%,Medium,3.568929344, https://leetcode.com/problems/word-break,
155,Min Stack,44.50%,Easy,3.543506925, https://leetcode.com/problems/min-stack,Done
48,Rotate Image,56.70%,Medium,3.541458949, https://leetcode.com/problems/rotate-image,
236,Lowest Common Ancestor of a Binary Tree,45.70%,Medium,3.52477837, https://leetcode.com/problems/lowest-common-ancestor-of-a-binary-tree,
238,Product of Array Except Self,60.10%,Medium,3.5148829, https://leetcode.com/problems/product-of-array-except-self,
212,Word Search II,34.90%,Hard,3.483790156, https://leetcode.com/problems/word-search-ii,
12,Integer to Roman,55.10%,Medium,3.460984917, https://leetcode.com/problems/integer-to-roman,
239,Sliding Window Maximum,43.00%,Hard,3.433795326, https://leetcode.com/problems/sliding-window-maximum,
269,Alien Dictionary,33.30%,Hard,3.37766841, https://leetcode.com/problems/alien-dictionary,
460,LFU Cache,34.20%,Hard,3.37765191, https://leetcode.com/problems/lfu-cache,
15,3Sum,26.80%,Medium,3.371084216, https://leetcode.com/problems/3sum,
33,Search in Rotated Sorted Array,34.50%,Medium,3.366648581, https://leetcode.com/problems/search-in-rotated-sorted-array,
675,Cut Off Trees for Golf Event,34.60%,Hard,3.362255401, https://leetcode.com/problems/cut-off-trees-for-golf-event,
588,Design In-Memory File System,45.90%,Hard,3.360532016, https://leetcode.com/problems/design-in-memory-file-system,
909,Snakes and Ladders,38.40%,Medium,3.343741373, https://leetcode.com/problems/snakes-and-ladders,
165,Compare Version Numbers,27.40%,Medium,3.275920159, https://leetcode.com/problems/compare-version-numbers,
56,Merge Intervals,39.30%,Medium,3.274551917, https://leetcode.com/problems/merge-intervals,
380,Insert Delete GetRandom O(1),47.50%,Medium,3.26457591, https://leetcode.com/problems/insert-delete-getrandom-o1,
53,Maximum Subarray,46.50%,Easy,3.251839887, https://leetcode.com/problems/maximum-subarray,Done
49,Group Anagrams,56.90%,Medium,3.246429816, https://leetcode.com/problems/group-anagrams,
545,Boundary of Binary Tree,38.90%,Medium,3.237053553, https://leetcode.com/problems/boundary-of-binary-tree,
11,Container With Most Water,50.80%,Medium,3.177583253, https://leetcode.com/problems/container-with-most-water,
76,Minimum Window Substring,34.60%,Hard,3.173047047, https://leetcode.com/problems/minimum-window-substring,
54,Spiral Matrix,34.10%,Medium,3.113302106, https://leetcode.com/problems/spiral-matrix,
1152,Analyze User Website Visit Pattern,43.50%,Medium,3.092908706, https://leetcode.com/problems/analyze-user-website-visit-pattern,
45,Jump Game II,30.60%,Hard,3.07920021, https://leetcode.com/problems/jump-game-ii,
206,Reverse Linked List,62.50%,Easy,3.067105911, https://leetcode.com/problems/reverse-linked-list,Done
1167,Minimum Cost to Connect Sticks,62.80%,Medium,3.060176664, https://leetcode.com/problems/minimum-cost-to-connect-sticks,
277,Find the Celebrity,41.80%,Medium,2.949345023, https://leetcode.com/problems/find-the-celebrity,
124,Binary Tree Maximum Path Sum,34.30%,Hard,2.928933538, https://leetcode.com/problems/binary-tree-maximum-path-sum,
322,Coin Change,35.50%,Medium,2.922588287, https://leetcode.com/problems/coin-change,
863,All Nodes Distance K in Binary Tree,55.40%,Medium,2.858443755, https://leetcode.com/problems/all-nodes-distance-k-in-binary-tree,
694,Number of Distinct Islands,56.00%,Medium,2.841025884, https://leetcode.com/problems/number-of-distinct-islands,
103,Binary Tree Zigzag Level Order Traversal,48.30%,Medium,2.828681881, https://leetcode.com/problems/binary-tree-zigzag-level-order-traversal,
733,Flood Fill,55.30%,Easy,2.799884796, https://leetcode.com/problems/flood-fill,DOne
25,Reverse Nodes in k-Group,42.10%,Hard,2.761379741, https://leetcode.com/problems/reverse-nodes-in-k-group,
341,Flatten Nested List Iterator,52.90%,Medium,2.754450955, https://leetcode.com/problems/flatten-nested-list-iterator,
98,Validate Binary Search Tree,27.80%,Medium,2.73733419, https://leetcode.com/problems/validate-binary-search-tree,
490,The Maze,51.40%,Medium,2.668429262, https://leetcode.com/problems/the-maze,
208,Implement Trie (Prefix Tree),49.40%,Medium,2.653827976, https://leetcode.com/problems/implement-trie-prefix-tree,
535,Encode and Decode TinyURL,79.90%,Medium,2.648278199, https://leetcode.com/problems/encode-and-decode-tinyurl,
1268,Search Suggestions System,63.20%,Medium,2.619138865, https://leetcode.com/problems/search-suggestions-system,
224,Basic Calculator,36.80%,Hard,2.618647678, https://leetcode.com/problems/basic-calculator,
99,Recover Binary Search Tree,39.70%,Hard,2.592791738, https://leetcode.com/problems/recover-binary-search-tree,
289,Game of Life,54.50%,Medium,2.585636539, https://leetcode.com/problems/game-of-life,
438,Find All Anagrams in a String,43.30%,Medium,2.572235307, https://leetcode.com/problems/find-all-anagrams-in-a-string,
116,Populating Next Right Pointers in Each Node,45.20%,Medium,2.570963861, https://leetcode.com/problems/populating-next-right-pointers-in-each-node,
22,Generate Parentheses,62.70%,Medium,2.568523517, https://leetcode.com/problems/generate-parentheses,
218,The Skyline Problem,34.60%,Hard,2.559475345, https://leetcode.com/problems/the-skyline-problem,
772,Basic Calculator III,41.30%,Hard,2.558138888, https://leetcode.com/problems/basic-calculator-iii,
314,Binary Tree Vertical Order Traversal,45.30%,Medium,2.55080017, https://leetcode.com/problems/binary-tree-vertical-order-traversal,
387,First Unique Character in a String,53.40%,Easy,2.547997455, https://leetcode.com/problems/first-unique-character-in-a-string,Done
105,Construct Binary Tree from Preorder and Inorder Traversal,48.80%,Medium,2.540402451, https://leetcode.com/problems/construct-binary-tree-from-preorder-and-inorder-traversal,
215,Kth Largest Element in an Array,55.40%,Medium,2.534797854, https://leetcode.com/problems/kth-largest-element-in-an-array,
102,Binary Tree Level Order Traversal,54.60%,Medium,2.520333145, https://leetcode.com/problems/binary-tree-level-order-traversal,
207,Course Schedule,43.10%,Medium,2.503721648, https://leetcode.com/problems/course-schedule,
91,Decode Ways,24.70%,Medium,2.490602262, https://leetcode.com/problems/decode-ways,
140,Word Break II,32.60%,Hard,2.479095545, https://leetcode.com/problems/word-break-ii,
64,Minimum Path Sum,54.50%,Medium,2.47165596, https://leetcode.com/problems/minimum-path-sum,
84,Largest Rectangle in Histogram,35.20%,Hard,2.446723489, https://leetcode.com/problems/largest-rectangle-in-histogram,
866,Prime Palindrome,24.90%,Medium,2.426668322, https://leetcode.com/problems/prime-palindrome,
13,Roman to Integer,55.70%,Easy,2.416073232, https://leetcode.com/problems/roman-to-integer,
227,Basic Calculator II,36.90%,Medium,2.410014584, https://leetcode.com/problems/basic-calculator-ii,
117,Populating Next Right Pointers in Each Node II,39.10%,Medium,2.395027476, https://leetcode.com/problems/populating-next-right-pointers-in-each-node-ii,
505,The Maze II,47.70%,Medium,2.377524512, https://leetcode.com/problems/the-maze-ii,
449,Serialize and Deserialize BST,52.00%,Medium,2.355719395, https://leetcode.com/problems/serialize-and-deserialize-bst,
55,Jump Game,34.60%,Medium,2.354033209, https://leetcode.com/problems/jump-game,
695,Max Area of Island,62.70%,Medium,2.332859477, https://leetcode.com/problems/max-area-of-island,
362,Design Hit Counter,63.70%,Medium,2.330220265, https://leetcode.com/problems/design-hit-counter,
235,Lowest Common Ancestor of a Binary Search Tree,49.90%,Easy,2.32820298, https://leetcode.com/problems/lowest-common-ancestor-of-a-binary-search-tree,
93,Restore IP Addresses,35.60%,Medium,2.324986977, https://leetcode.com/problems/restore-ip-addresses,
1000,Minimum Cost to Merge Stones,39.80%,Hard,2.285269833, https://leetcode.com/problems/minimum-cost-to-merge-stones,
74,Search a 2D Matrix,36.50%,Medium,2.275279967, https://leetcode.com/problems/search-a-2d-matrix,
8,String to Integer (atoi),15.40%,Medium,2.240034399, https://leetcode.com/problems/string-to-integer-atoi,
1102,Path With Maximum Minimum Value,49.20%,Medium,2.236364098, https://leetcode.com/problems/path-with-maximum-minimum-value,
221,Maximal Square,37.70%,Medium,2.235984504, https://leetcode.com/problems/maximal-square,
543,Diameter of Binary Tree,48.40%,Easy,2.230047291, https://leetcode.com/problems/diameter-of-binary-tree,
101,Symmetric Tree,46.80%,Easy,2.218229616, https://leetcode.com/problems/symmetric-tree,
711,Number of Distinct Islands II,47.30%,Hard,2.197224577, https://leetcode.com/problems/number-of-distinct-islands-ii,
173,Binary Search Tree Iterator,56.60%,Medium,2.189474628, https://leetcode.com/problems/binary-search-tree-iterator,
445,Add Two Numbers II,54.50%,Medium,2.169549855, https://leetcode.com/problems/add-two-numbers-ii,
143,Reorder List,37.10%,Medium,2.148764392, https://leetcode.com/problems/reorder-list,
31,Next Permutation,32.60%,Medium,2.1484244, https://leetcode.com/problems/next-permutation,
134,Gas Station,38.50%,Medium,2.14256659, https://leetcode.com/problems/gas-station,
234,Palindrome Linked List,39.30%,Easy,2.134538085, https://leetcode.com/problems/palindrome-linked-list,
199,Binary Tree Right Side View,54.10%,Medium,2.126523995, https://leetcode.com/problems/binary-tree-right-side-view,
72,Edit Distance,44.80%,Hard,2.121008288, https://leetcode.com/problems/edit-distance,
149,Max Points on a Line,16.90%,Hard,2.112687742, https://leetcode.com/problems/max-points-on-a-line,
79,Word Search,35.60%,Medium,2.111131664, https://leetcode.com/problems/word-search,
347,Top K Frequent Elements,61.20%,Medium,2.10187062, https://leetcode.com/problems/top-k-frequent-elements,
62,Unique Paths,54.10%,Medium,2.085041857, https://leetcode.com/problems/unique-paths,
631,Design Excel Sum Formula,31.60%,Hard,2.073991937, https://leetcode.com/problems/design-excel-sum-formula,
394,Decode String,50.00%,Medium,2.066390365, https://leetcode.com/problems/decode-string,
353,Design Snake Game,34.20%,Medium,2.064312066, https://leetcode.com/problems/design-snake-game,
384,Shuffle an Array,52.80%,Medium,2.051144429, https://leetcode.com/problems/shuffle-an-array,
323,Number of Connected Components in an Undirected Graph,56.00%,Medium,2.042069199, https://leetcode.com/problems/number-of-connected-components-in-an-undirected-graph,
133,Clone Graph,34.80%,Medium,2.032877758, https://leetcode.com/problems/clone-graph,
706,Design HashMap,61.30%,Easy,1.999279095, https://leetcode.com/problems/design-hashmap,
336,Palindrome Pairs,33.70%,Hard,1.994773809, https://leetcode.com/problems/palindrome-pairs,
682,Baseball Game,63.70%,Easy,1.969876741, https://leetcode.com/problems/baseball-game,
759,Employee Free Time,66.20%,Hard,1.949816404, https://leetcode.com/problems/employee-free-time,
281,Zigzag Iterator,58.40%,Medium,1.942419744, https://leetcode.com/problems/zigzag-iterator,
1091,Shortest Path in Binary Matrix,38.20%,Medium,1.92572619, https://leetcode.com/problems/shortest-path-in-binary-matrix,
1120,Maximum Average Subtree,61.90%,Medium,1.91803378, https://leetcode.com/problems/maximum-average-subtree,
185,Department Top Three Salaries,34.50%,Hard,1.908524143, https://leetcode.com/problems/department-top-three-salaries,
150,Evaluate Reverse Polish Notation,36.30%,Medium,1.90120416, https://leetcode.com/problems/evaluate-reverse-polish-notation,
10,Regular Expression Matching,26.80%,Hard,1.895297192, https://leetcode.com/problems/regular-expression-matching,
564,Find the Closest Palindrome,19.70%,Hard,1.88919392, https://leetcode.com/problems/find-the-closest-palindrome,
71,Simplify Path,32.60%,Medium,1.888682853, https://leetcode.com/problems/simplify-path,
1099,Two Sum Less Than K,60.60%,Easy,1.884409794, https://leetcode.com/problems/two-sum-less-than-k,
96,Unique Binary Search Trees,52.90%,Medium,1.883023886, https://leetcode.com/problems/unique-binary-search-trees,
417,Pacific Atlantic Water Flow,41.10%,Medium,1.876850143, https://leetcode.com/problems/pacific-atlantic-water-flow,
1279,Traffic Light Controlled Intersection,74.30%,Easy,1.872666108, https://leetcode.com/problems/traffic-light-controlled-intersection,
122,Best Time to Buy and Sell Stock II,57.00%,Easy,1.852594906, https://leetcode.com/problems/best-time-to-buy-and-sell-stock-ii,
895,Maximum Frequency Stack,60.60%,Hard,1.84908175, https://leetcode.com/problems/maximum-frequency-stack,
97,Interleaving String,31.50%,Hard,1.839712133, https://leetcode.com/problems/interleaving-string,
286,Walls and Gates,54.50%,Medium,1.839120882, https://leetcode.com/problems/walls-and-gates,
640,Solve the Equation,42.00%,Medium,1.833456993, https://leetcode.com/problems/solve-the-equation,
39,Combination Sum,56.10%,Medium,1.817926014, https://leetcode.com/problems/combination-sum,
59,Spiral Matrix II,53.90%,Medium,1.817619311, https://leetcode.com/problems/spiral-matrix-ii,
317,Shortest Distance from All Buildings,41.40%,Hard,1.810917143, https://leetcode.com/problems/shortest-distance-from-all-buildings,
529,Minesweeper,59.10%,Medium,1.78987232, https://leetcode.com/problems/minesweeper,
169,Majority Element,58.70%,Easy,1.788905221, https://leetcode.com/problems/majority-element,
152,Maximum Product Subarray,31.70%,Medium,1.771346985, https://leetcode.com/problems/maximum-product-subarray,
503,Next Greater Element II,56.50%,Medium,1.770513631, https://leetcode.com/problems/next-greater-element-ii,
210,Course Schedule II,40.70%,Medium,1.770235439, https://leetcode.com/problems/course-schedule-ii,
167,Two Sum II - Input array is sorted,54.10%,Easy,1.758895242, https://leetcode.com/problems/two-sum-ii-input-array-is-sorted,
78,Subsets,62.00%,Medium,1.755791979, https://leetcode.com/problems/subsets,
312,Burst Balloons,51.80%,Hard,1.742629881, https://leetcode.com/problems/burst-balloons,
88,Merge Sorted Array,39.40%,Easy,1.741132376, https://leetcode.com/problems/merge-sorted-array,
315,Count of Smaller Numbers After Self,41.50%,Hard,1.73761528, https://leetcode.com/problems/count-of-smaller-numbers-after-self,
211,Add and Search Word - Data structure design,38.10%,Medium,1.727663895, https://leetcode.com/problems/add-and-search-word-data-structure-design,
252,Meeting Rooms,54.60%,Easy,1.727286498, https://leetcode.com/problems/meeting-rooms,
92,Reverse Linked List II,38.80%,Medium,1.726801573, https://leetcode.com/problems/reverse-linked-list-ii,
1155,Number of Dice Rolls With Target Sum,49.00%,Medium,1.720070764, https://leetcode.com/problems/number-of-dice-rolls-with-target-sum,
160,Intersection of Two Linked Lists,40.60%,Easy,1.717519204, https://leetcode.com/problems/intersection-of-two-linked-lists,
538,Convert BST to Greater Tree,55.40%,Easy,1.715436123, https://leetcode.com/problems/convert-bst-to-greater-tree,
36,Valid Sudoku,48.70%,Medium,1.71432117, https://leetcode.com/problems/valid-sudoku,
261,Graph Valid Tree,42.20%,Medium,1.712055458, https://leetcode.com/problems/graph-valid-tree,
41,First Missing Positive,32.00%,Hard,1.707798588, https://leetcode.com/problems/first-missing-positive,
75,Sort Colors,47.30%,Medium,1.705566758, https://leetcode.com/problems/sort-colors,
332,Reconstruct Itinerary,36.70%,Medium,1.702479088, https://leetcode.com/problems/reconstruct-itinerary,
388,Longest Absolute File Path,41.80%,Medium,1.701920836, https://leetcode.com/problems/longest-absolute-file-path,
980,Unique Paths III,73.30%,Hard,1.694595721, https://leetcode.com/problems/unique-paths-iii,
32,Longest Valid Parentheses,28.40%,Hard,1.691977061, https://leetcode.com/problems/longest-valid-parentheses,
128,Longest Consecutive Sequence,45.10%,Hard,1.686584164, https://leetcode.com/problems/longest-consecutive-sequence,
653,Two Sum IV - Input is a BST,55.50%,Easy,1.684088104, https://leetcode.com/problems/two-sum-iv-input-is-a-bst,
153,Find Minimum in Rotated Sorted Array,45.10%,Medium,1.677087769, https://leetcode.com/problems/find-minimum-in-rotated-sorted-array,
46,Permutations,63.50%,Medium,1.672714679, https://leetcode.com/problems/permutations,
57,Insert Interval,33.50%,Hard,1.663668454, https://leetcode.com/problems/insert-interval,
560,Subarray Sum Equals K,43.90%,Medium,1.659253757, https://leetcode.com/problems/subarray-sum-equals-k,
228,Summary Ranges,39.50%,Medium,1.656737678, https://leetcode.com/problems/summary-ranges,
19,Remove Nth Node From End of List,35.20%,Medium,1.652142589, https://leetcode.com/problems/remove-nth-node-from-end-of-list,
815,Bus Routes,42.50%,Hard,1.652011255, https://leetcode.com/problems/bus-routes,
109,Convert Sorted List to Binary Search Tree,47.70%,Medium,1.649357682, https://leetcode.com/problems/convert-sorted-list-to-binary-search-tree,
177,Nth Highest Salary,31.40%,Medium,1.645549591, https://leetcode.com/problems/nth-highest-salary,
489,Robot Room Cleaner,69.70%,Hard,1.632432614, https://leetcode.com/problems/robot-room-cleaner,
268,Missing Number,51.70%,Easy,1.632076008, https://leetcode.com/problems/missing-number,
767,Reorganize String,48.70%,Medium,1.629188041, https://leetcode.com/problems/reorganize-string,
123,Best Time to Buy and Sell Stock III,37.50%,Hard,1.626950708, https://leetcode.com/problems/best-time-to-buy-and-sell-stock-iii,
496,Next Greater Element I,63.80%,Easy,1.623294947, https://leetcode.com/problems/next-greater-element-i,
179,Largest Number,28.80%,Medium,1.616394462, https://leetcode.com/problems/largest-number,
739,Daily Temperatures,63.30%,Medium,1.616070769, https://leetcode.com/problems/daily-temperatures,
135,Candy,31.60%,Hard,1.608531157, https://leetcode.com/problems/candy,
333,Largest BST Subtree,35.80%,Medium,1.608189083, https://leetcode.com/problems/largest-bst-subtree,
716,Max Stack,42.60%,Easy,1.596707275, https://leetcode.com/problems/max-stack,LP
983,Minimum Cost For Tickets,60.50%,Medium,1.590012478, https://leetcode.com/problems/minimum-cost-for-tickets,
284,Peeking Iterator,45.70%,Medium,1.573409571, https://leetcode.com/problems/peeking-iterator,
703,Kth Largest Element in a Stream,49.70%,Easy,1.570771279, https://leetcode.com/problems/kth-largest-element-in-a-stream,
403,Frog Jump,39.70%,Hard,1.564860791, https://leetcode.com/problems/frog-jump,
987,Vertical Order Traversal of a Binary Tree,36.60%,Medium,1.564572359, https://leetcode.com/problems/vertical-order-traversal-of-a-binary-tree,
1135,Connecting Cities With Minimum Cost,57.50%,Medium,1.558144618, https://leetcode.com/problems/connecting-cities-with-minimum-cost,
24,Swap Nodes in Pairs,50.40%,Medium,1.557364161, https://leetcode.com/problems/swap-nodes-in-pairs,
437,Path Sum III,47.20%,Medium,1.555411366, https://leetcode.com/problems/path-sum-iii,
300,Longest Increasing Subsequence,42.60%,Medium,1.549004616, https://leetcode.com/problems/longest-increasing-subsequence,
85,Maximal Rectangle,37.70%,Hard,1.537804934, https://leetcode.com/problems/maximal-rectangle,
456,132 Pattern,28.90%,Medium,1.525732993, https://leetcode.com/problems/132-pattern,
141,Linked List Cycle,41.10%,Easy,1.522542661, https://leetcode.com/problems/linked-list-cycle,
113,Path Sum II,46.70%,Medium,1.515051593, https://leetcode.com/problems/path-sum-ii,
285,Inorder Successor in BST,40.40%,Medium,1.510518744, https://leetcode.com/problems/inorder-successor-in-bst,
373,Find K Pairs with Smallest Sums,36.70%,Medium,1.508429559, https://leetcode.com/problems/find-k-pairs-with-smallest-sums,
188,Best Time to Buy and Sell Stock IV,28.00%,Hard,1.504354905, https://leetcode.com/problems/best-time-to-buy-and-sell-stock-iv,
346,Moving Average from Data Stream,70.90%,Easy,1.502690022, https://leetcode.com/problems/moving-average-from-data-stream,
16,3Sum Closest,46.00%,Medium,1.502292151, https://leetcode.com/problems/3sum-closest,
70,Climbing Stairs,47.80%,Easy,1.499205459, https://leetcode.com/problems/climbing-stairs,
51,N-Queens,46.60%,Hard,1.498552521, https://leetcode.com/problems/n-queens,
556,Next Greater Element III,31.70%,Medium,1.495390406, https://leetcode.com/problems/next-greater-element-iii,
148,Sort List,42.30%,Medium,1.493062337, https://leetcode.com/problems/sort-list,
287,Find the Duplicate Number,55.50%,Medium,1.49240966, https://leetcode.com/problems/find-the-duplicate-number,
518,Coin Change 2,50.20%,Medium,1.488869722, https://leetcode.com/problems/coin-change-2,
176,Second Highest Salary,31.60%,Easy,1.488495904, https://leetcode.com/problems/second-highest-salary,
120,Triangle,44.20%,Medium,1.484114863, https://leetcode.com/problems/triangle,
18,4Sum,33.70%,Medium,1.4782494, https://leetcode.com/problems/4sum,
270,Closest Binary Search Tree Value,48.50%,Easy,1.478223104, https://leetcode.com/problems/closest-binary-search-tree-value,
378,Kth Smallest Element in a Sorted Matrix,54.30%,Medium,1.477526873, https://leetcode.com/problems/kth-smallest-element-in-a-sorted-matrix,
540,Single Element in a Sorted Array,57.90%,Medium,1.453572216, https://leetcode.com/problems/single-element-in-a-sorted-array,
205,Isomorphic Strings,39.80%,Easy,1.425780195, https://leetcode.com/problems/isomorphic-strings,
63,Unique Paths II,34.60%,Medium,1.42528576, https://leetcode.com/problems/unique-paths-ii,
1044,Longest Duplicate Substring,31.90%,Hard,1.423379479, https://leetcode.com/problems/longest-duplicate-substring,
73,Set Matrix Zeroes,43.10%,Medium,1.412093838, https://leetcode.com/problems/set-matrix-zeroes,
480,Sliding Window Median,37.20%,Hard,1.410024288, https://leetcode.com/problems/sliding-window-median,
68,Text Justification,27.70%,Hard,1.408642628, https://leetcode.com/problems/text-justification,
232,Implement Queue using Stacks,49.60%,Easy,1.405609167, https://leetcode.com/problems/implement-queue-using-stacks,
628,Maximum Product of Three Numbers,47.10%,Easy,1.395625689, https://leetcode.com/problems/maximum-product-of-three-numbers,
442,Find All Duplicates in an Array,67.80%,Medium,1.387907856, https://leetcode.com/problems/find-all-duplicates-in-an-array,
229,Majority Element II,35.60%,Medium,1.387856392, https://leetcode.com/problems/majority-element-ii,
14,Longest Common Prefix,35.40%,Easy,1.38460923, https://leetcode.com/problems/longest-common-prefix,
787,Cheapest Flights Within K Stops,39.30%,Medium,1.378544695, https://leetcode.com/problems/cheapest-flights-within-k-stops,
340,Longest Substring with At Most K Distinct Characters,44.10%,Hard,1.376802072, https://leetcode.com/problems/longest-substring-with-at-most-k-distinct-characters,
325,Maximum Size Subarray Sum Equals k,46.80%,Medium,1.371822329, https://leetcode.com/problems/maximum-size-subarray-sum-equals-k,
44,Wildcard Matching,24.70%,Hard,1.361233019, https://leetcode.com/problems/wildcard-matching,
770,Basic Calculator IV,48.10%,Hard,1.349926717, https://leetcode.com/problems/basic-calculator-iv,
136,Single Number,65.50%,Easy,1.348462151, https://leetcode.com/problems/single-number,
298,Binary Tree Longest Consecutive Sequence,47.10%,Medium,1.346804251, https://leetcode.com/problems/binary-tree-longest-consecutive-sequence,
329,Longest Increasing Path in a Matrix,43.40%,Hard,1.344540932, https://leetcode.com/problems/longest-increasing-path-in-a-matrix,
943,Find the Shortest Superstring,42.90%,Hard,1.344077037, https://leetcode.com/problems/find-the-shortest-superstring,
636,Exclusive Time of Functions,52.00%,Medium,1.337457727, https://leetcode.com/problems/exclusive-time-of-functions,
369,Plus One Linked List,58.20%,Medium,1.337363738, https://leetcode.com/problems/plus-one-linked-list,
836,Rectangle Overlap,48.60%,Easy,1.309376238, https://leetcode.com/problems/rectangle-overlap,
104,Maximum Depth of Binary Tree,66.00%,Easy,1.303689282, https://leetcode.com/problems/maximum-depth-of-binary-tree,
28,Implement strStr(),34.50%,Easy,1.300431708, https://leetcode.com/problems/implement-strstr,
652,Find Duplicate Subtrees,50.20%,Medium,1.294755529, https://leetcode.com/problems/find-duplicate-subtrees,
6,ZigZag Conversion,36.30%,Medium,1.294591948, https://leetcode.com/problems/zigzag-conversion,
399,Evaluate Division,51.60%,Medium,1.277612397, https://leetcode.com/problems/evaluate-division,
516,Longest Palindromic Subsequence,53.20%,Medium,1.264778814, https://leetcode.com/problems/longest-palindromic-subsequence,
678,Valid Parenthesis String,31.00%,Medium,1.262155009, https://leetcode.com/problems/valid-parenthesis-string,
30,Substring with Concatenation of All Words,25.40%,Hard,1.257695493, https://leetcode.com/problems/substring-with-concatenation-of-all-words,
242,Valid Anagram,56.90%,Easy,1.252391224, https://leetcode.com/problems/valid-anagram,
349,Intersection of Two Arrays,62.50%,Easy,1.250030477, https://leetcode.com/problems/intersection-of-two-arrays,
688,Knight Probability in Chessboard,48.90%,Medium,1.249979777, https://leetcode.com/problems/knight-probability-in-chessboard,
981,Time Based Key-Value Store,53.10%,Medium,1.247523767, https://leetcode.com/problems/time-based-key-value-store,
344,Reverse String,68.50%,Easy,1.246073823, https://leetcode.com/problems/reverse-string,
1011,Capacity To Ship Packages Within D Days,58.10%,Medium,1.245643942, https://leetcode.com/problems/capacity-to-ship-packages-within-d-days,
301,Remove Invalid Parentheses,43.30%,Hard,1.242036901, https://leetcode.com/problems/remove-invalid-parentheses,
29,Divide Two Integers,16.40%,Medium,1.239324205, https://leetcode.com/problems/divide-two-integers,
112,Path Sum,41.20%,Easy,1.229277243, https://leetcode.com/problems/path-sum,
1038,Binary Search Tree to Greater Sum Tree,80.80%,Medium,1.20177968, https://leetcode.com/problems/binary-search-tree-to-greater-sum-tree,
1100,Find K-Length Substrings With No Repeated Characters,72.70%,Medium,1.18433683, https://leetcode.com/problems/find-k-length-substrings-with-no-repeated-characters,
50,Pow(x;n),30.30%,Medium,1.176892011, https://leetcode.com/problems/powx-n,
997,Find the Town Judge,50.10%,Easy,1.174873287, https://leetcode.com/problems/find-the-town-judge,
37,Sudoku Solver,43.60%,Hard,1.170704926, https://leetcode.com/problems/sudoku-solver,
805,Split Array With Same Average,26.40%,Hard,1.168509728, https://leetcode.com/problems/split-array-with-same-average,
225,Implement Stack using Queues,45.10%,Easy,1.160739077, https://leetcode.com/problems/implement-stack-using-queues,
854,K-Similar Strings,38.20%,Hard,1.159451415, https://leetcode.com/problems/k-similar-strings,
230,Kth Smallest Element in a BST,60.20%,Medium,1.155444008, https://leetcode.com/problems/kth-smallest-element-in-a-bst,
721,Accounts Merge,48.80%,Medium,1.132047679, https://leetcode.com/problems/accounts-merge,
622,Design Circular Queue,43.70%,Medium,1.115132281, https://leetcode.com/problems/design-circular-queue,
409,Longest Palindrome,50.30%,Easy,1.111534519, https://leetcode.com/problems/longest-palindrome,
542,01 Matrix,39.80%,Medium,1.098310037, https://leetcode.com/problems/01-matrix,
726,Number of Atoms,49.00%,Hard,1.095317393, https://leetcode.com/problems/number-of-atoms,
426,Convert Binary Search Tree to Sorted Doubly Linked List,59.10%,Medium,1.093698274, https://leetcode.com/problems/convert-binary-search-tree-to-sorted-doubly-linked-list,
352,Data Stream as Disjoint Intervals,47.30%,Hard,1.08883226, https://leetcode.com/problems/data-stream-as-disjoint-intervals,
794,Valid Tic-Tac-Toe State,32.60%,Medium,1.084013489, https://leetcode.com/problems/valid-tic-tac-toe-state,
430,Flatten a Multilevel Doubly Linked List,55.10%,Medium,1.075910447, https://leetcode.com/problems/flatten-a-multilevel-doubly-linked-list,
257,Binary Tree Paths,51.50%,Easy,1.070178565, https://leetcode.com/problems/binary-tree-paths,
130,Surrounded Regions,28.10%,Medium,1.058078647, https://leetcode.com/problems/surrounded-regions,
283,Move Zeroes,57.80%,Easy,1.057417995, https://leetcode.com/problems/move-zeroes,
94,Binary Tree Inorder Traversal,63.30%,Medium,1.04941875, https://leetcode.com/problems/binary-tree-inorder-traversal,
131,Palindrome Partitioning,47.50%,Medium,1.047877638, https://leetcode.com/problems/palindrome-partitioning,
81,Search in Rotated Sorted Array II,33.00%,Medium,1.042801654, https://leetcode.com/problems/search-in-rotated-sorted-array-ii,
187,Repeated DNA Sequences,38.90%,Medium,1.02910541, https://leetcode.com/problems/repeated-dna-sequences,
266,Palindrome Permutation,61.90%,Easy,1.027494018, https://leetcode.com/problems/palindrome-permutation,
7,Reverse Integer,25.80%,Easy,1.02615694, https://leetcode.com/problems/reverse-integer,
381,Insert Delete GetRandom O(1) - Duplicates allowed,34.10%,Hard,1.026132716, https://leetcode.com/problems/insert-delete-getrandom-o1-duplicates-allowed,
498,Diagonal Traverse,48.20%,Medium,1.025668325, https://leetcode.com/problems/diagonal-traverse,
1219,Path with Maximum Gold,65.10%,Medium,1.020055011, https://leetcode.com/problems/path-with-maximum-gold,
547,Friend Circles,58.60%,Medium,1.019483412, https://leetcode.com/problems/friend-circles,
86,Partition List,41.50%,Medium,1.013118527, https://leetcode.com/problems/partition-list,
1032,Stream of Characters,48.30%,Hard,0.999974701, https://leetcode.com/problems/stream-of-characters,
508,Most Frequent Subtree Sum,57.90%,Medium,0.993295499, https://leetcode.com/problems/most-frequent-subtree-sum,
226,Invert Binary Tree,65.00%,Easy,0.990106714, https://leetcode.com/problems/invert-binary-tree,
279,Perfect Squares,47.40%,Medium,0.988611393, https://leetcode.com/problems/perfect-squares,
181,Employees Earning More Than Their Managers,56.90%,Easy,0.985579856, https://leetcode.com/problems/employees-earning-more-than-their-managers,
114,Flatten Binary Tree to Linked List,49.30%,Medium,0.979314265, https://leetcode.com/problems/flatten-binary-tree-to-linked-list,
647,Palindromic Substrings,60.60%,Medium,0.968336487, https://leetcode.com/problems/palindromic-substrings,
412,Fizz Buzz,62.30%,Easy,0.96245764, https://leetcode.com/problems/fizz-buzz,
108,Convert Sorted Array to Binary Search Tree,57.90%,Easy,0.959189099, https://leetcode.com/problems/convert-sorted-array-to-binary-search-tree,
1236,Web Crawler,64.30%,Medium,0.955511445, https://leetcode.com/problems/web-crawler,
1214,Two Sum BSTs,67.60%,Medium,0.954006931, https://leetcode.com/problems/two-sum-bsts,
993,Cousins in Binary Tree,52.00%,Easy,0.949887743, https://leetcode.com/problems/cousins-in-binary-tree,
635,Design Log Storage System,58.60%,Medium,0.944810954, https://leetcode.com/problems/design-log-storage-system,
186,Reverse Words in a String II,43.30%,Medium,0.944461609, https://leetcode.com/problems/reverse-words-in-a-string-ii,
61,Rotate List,30.00%,Medium,0.939461598, https://leetcode.com/problems/rotate-list,
1010,Pairs of Songs With Total Durations Divisible by 60,47.40%,Easy,0.930911185, https://leetcode.com/problems/pairs-of-songs-with-total-durations-divisible-by-60,
34,Find First and Last Position of Element in Sorted Array,36.20%,Medium,0.930848506, https://leetcode.com/problems/find-first-and-last-position-of-element-in-sorted-array,
175,Combine Two Tables,60.80%,Easy,0.922030458, https://leetcode.com/problems/combine-two-tables,
272,Closest Binary Search Tree Value II,50.50%,Hard,0.918640909, https://leetcode.com/problems/closest-binary-search-tree-value-ii,
847,Shortest Path Visiting All Nodes,52.00%,Hard,0.916290732, https://leetcode.com/problems/shortest-path-visiting-all-nodes,
243,Shortest Word Distance,61.00%,Easy,0.915666187, https://leetcode.com/problems/shortest-word-distance,
204,Count Primes,31.50%,Easy,0.913163064, https://leetcode.com/problems/count-primes,
142,Linked List Cycle II,37.30%,Medium,0.909052347, https://leetcode.com/problems/linked-list-cycle-ii,
69,Sqrt(x),33.90%,Easy,0.907557052, https://leetcode.com/problems/sqrtx,
419,Battleships in a Board,70.00%,Medium,0.906605426, https://leetcode.com/problems/battleships-in-a-board,
9,Palindrome Number,48.40%,Easy,0.905261855, https://leetcode.com/problems/palindrome-number,
166,Fraction to Recurring Decimal,21.60%,Medium,0.904516856, https://leetcode.com/problems/fraction-to-recurring-decimal,
1046,Last Stone Weight,62.20%,Easy,0.90368105, https://leetcode.com/problems/last-stone-weight,
463,Island Perimeter,65.70%,Easy,0.897758326, https://leetcode.com/problems/island-perimeter,
406,Queue Reconstruction by Height,66.90%,Medium,0.89621591, https://leetcode.com/problems/queue-reconstruction-by-height,
978,Longest Turbulent Subarray,46.60%,Medium,0.895013333, https://leetcode.com/problems/longest-turbulent-subarray,
162,Find Peak Element,43.30%,Medium,0.889268604, https://leetcode.com/problems/find-peak-element,
366,Find Leaves of Binary Tree,70.60%,Medium,0.883955351, https://leetcode.com/problems/find-leaves-of-binary-tree,
690,Employee Importance,57.30%,Easy,0.861251575, https://leetcode.com/problems/employee-importance,
698,Partition to K Equal Sum Subsets,45.00%,Medium,0.860611219, https://leetcode.com/problems/partition-to-k-equal-sum-subsets,
528,Random Pick with Weight,43.90%,Medium,0.853787245, https://leetcode.com/problems/random-pick-with-weight,
38,Count and Say,44.60%,Easy,0.845162128, https://leetcode.com/problems/count-and-say,
986,Interval List Intersections,67.30%,Medium,0.84480055, https://leetcode.com/problems/interval-list-intersections,
699,Falling Squares,41.80%,Hard,0.842564124, https://leetcode.com/problems/falling-squares,
708,Insert into a Sorted Circular Linked List,31.60%,Medium,0.841248693, https://leetcode.com/problems/insert-into-a-sorted-circular-linked-list,
316,Remove Duplicate Letters,35.80%,Hard,0.835526486, https://leetcode.com/problems/remove-duplicate-letters,
110,Balanced Binary Tree,43.50%,Easy,0.826480211, https://leetcode.com/problems/balanced-binary-tree,
1024,Video Stitching,49.20%,Medium,0.825299868, https://leetcode.com/problems/video-stitching,
428,Serialize and Deserialize N-ary Tree,59.40%,Hard,0.824896924, https://leetcode.com/problems/serialize-and-deserialize-n-ary-tree,
443,String Compression,41.30%,Easy,0.817135635, https://leetcode.com/problems/string-compression,
402,Remove K Digits,28.40%,Medium,0.801437075, https://leetcode.com/problems/remove-k-digits,
361,Bomb Enemy,46.00%,Medium,0.797659879, https://leetcode.com/problems/bomb-enemy,
233,Number of Digit One,31.30%,Hard,0.795650019, https://leetcode.com/problems/number-of-digit-one,
658,Find K Closest Elements,40.90%,Medium,0.793091043, https://leetcode.com/problems/find-k-closest-elements,
451,Sort Characters By Frequency,63.00%,Medium,0.78616772, https://leetcode.com/problems/sort-characters-by-frequency,
351,Android Unlock Patterns,48.40%,Medium,0.785739967, https://leetcode.com/problems/android-unlock-patterns,
350,Intersection of Two Arrays II,51.40%,Easy,0.777210286, https://leetcode.com/problems/intersection-of-two-arrays-ii,
632,Smallest Range Covering Elements from K Lists,52.40%,Hard,0.776712259, https://leetcode.com/problems/smallest-range-covering-elements-from-k-lists,
159,Longest Substring with At Most Two Distinct Characters,49.40%,Medium,0.771917623, https://leetcode.com/problems/longest-substring-with-at-most-two-distinct-characters,
843,Guess the Word,46.10%,Hard,0.771399377, https://leetcode.com/problems/guess-the-word,
421,Maximum XOR of Two Numbers in an Array,53.50%,Medium,0.768784595, https://leetcode.com/problems/maximum-xor-of-two-numbers-in-an-array,
198,House Robber,42.00%,Easy,0.766834896, https://leetcode.com/problems/house-robber,
432,All O`one Data Structure,32.40%,Hard,0.761188917, https://leetcode.com/problems/all-oone-data-structure,
992,Subarrays with K Different Integers,48.60%,Hard,0.761008403, https://leetcode.com/problems/subarrays-with-k-different-integers,
785,Is Graph Bipartite?,47.50%,Medium,0.756095455, https://leetcode.com/problems/is-graph-bipartite,
280,Wiggle Sort,63.80%,Medium,0.748973108, https://leetcode.com/problems/wiggle-sort,
337,House Robber III,50.60%,Medium,0.746301826, https://leetcode.com/problems/house-robber-iii,
807,Max Increase to Keep City Skyline,83.70%,Medium,0.746046723, https://leetcode.com/problems/max-increase-to-keep-city-skyline,
465,Optimal Account Balancing,46.90%,Hard,0.744835431, https://leetcode.com/problems/optimal-account-balancing,
410,Split Array Largest Sum,44.50%,Hard,0.744113624, https://leetcode.com/problems/split-array-largest-sum,
189,Rotate Array,34.70%,Easy,0.741620026, https://leetcode.com/problems/rotate-array,
125,Valid Palindrome,36.70%,Easy,0.735176941, https://leetcode.com/problems/valid-palindrome,
1197,Minimum Knight Moves,36.10%,Medium,0.734842945, https://leetcode.com/problems/minimum-knight-moves,
662,Maximum Width of Binary Tree,41.00%,Medium,0.734717471, https://leetcode.com/problems/maximum-width-of-binary-tree,
1083,Sales Analysis II,50.50%,Easy,0.733766109, https://leetcode.com/problems/sales-analysis-ii,
83,Remove Duplicates from Sorted List,45.40%,Easy,0.730981926, https://leetcode.com/problems/remove-duplicates-from-sorted-list,
40,Combination Sum II,48.20%,Medium,0.723247806, https://leetcode.com/problems/combination-sum-ii,
1215,Stepping Numbers,41.60%,Medium,0.722134717, https://leetcode.com/problems/stepping-numbers,
735,Asteroid Collision,41.00%,Medium,0.72152663, https://leetcode.com/problems/asteroid-collision,
82,Remove Duplicates from Sorted List II,36.80%,Medium,0.721463101, https://leetcode.com/problems/remove-duplicates-from-sorted-list-ii,
310,Minimum Height Trees,32.30%,Medium,0.716101517, https://leetcode.com/problems/minimum-height-trees,
737,Sentence Similarity II,45.80%,Medium,0.71420059, https://leetcode.com/problems/sentence-similarity-ii,
129,Sum Root to Leaf Numbers,49.10%,Medium,0.712195376, https://leetcode.com/problems/sum-root-to-leaf-numbers,
171,Excel Sheet Column Number,55.90%,Easy,0.701136571, https://leetcode.com/problems/excel-sheet-column-number,
328,Odd Even Linked List,55.70%,Medium,0.700505425, https://leetcode.com/problems/odd-even-linked-list,
617,Merge Two Binary Trees,74.10%,Easy,0.695115787, https://leetcode.com/problems/merge-two-binary-trees,
1429,First Unique Number,47.00%,Medium,0.689006388, https://leetcode.com/problems/first-unique-number,
1086,High Five,79.70%,Easy,0.684580944, https://leetcode.com/problems/high-five,
231,Power of Two,43.70%,Easy,0.682325629, https://leetcode.com/problems/power-of-two,
525,Contiguous Array,42.80%,Medium,0.681861794, https://leetcode.com/problems/contiguous-array,
65,Valid Number,15.30%,Hard,0.681519143, https://leetcode.com/problems/valid-number,
151,Reverse Words in a String,21.90%,Medium,0.673804518, https://leetcode.com/problems/reverse-words-in-a-string,
164,Maximum Gap,35.50%,Hard,0.669776347, https://leetcode.com/problems/maximum-gap,
356,Line Reflection,31.80%,Medium,0.666159036, https://leetcode.com/problems/line-reflection,
509,Fibonacci Number,67.20%,Easy,0.664818213, https://leetcode.com/problems/fibonacci-number,
161,One Edit Distance,32.30%,Medium,0.654074194, https://leetcode.com/problems/one-edit-distance,
901,Online Stock Span,60.20%,Medium,0.652873281, https://leetcode.com/problems/online-stock-span,
202,Happy Number,50.40%,Easy,0.644604511, https://leetcode.com/problems/happy-number,
1229,Meeting Scheduler,52.70%,Medium,0.631447359, https://leetcode.com/problems/meeting-scheduler,
517,Super Washing Machines,38.30%,Hard,0.6257059, https://leetcode.com/problems/super-washing-machines,
1275,Find Winner on a Tic Tac Toe Game,52.80%,Easy,0.6257059, https://leetcode.com/problems/find-winner-on-a-tic-tac-toe-game,
1022,Sum of Root To Leaf Binary Numbers,67.20%,Easy,0.617723419, https://leetcode.com/problems/sum-of-root-to-leaf-binary-numbers,
90,Subsets II,47.10%,Medium,0.603916047, https://leetcode.com/problems/subsets-ii,
775,Global and Local Inversions,42.10%,Medium,0.603059825, https://leetcode.com/problems/global-and-local-inversions,
26,Remove Duplicates from Sorted Array,45.10%,Easy,0.599298406, https://leetcode.com/problems/remove-duplicates-from-sorted-array,
433,Minimum Genetic Mutation,41.80%,Medium,0.597837001, https://leetcode.com/problems/minimum-genetic-mutation,
137,Single Number II,52.40%,Medium,0.591561441, https://leetcode.com/problems/single-number-ii,
184,Department Highest Salary,36.70%,Medium,0.587261179, https://leetcode.com/problems/department-highest-salary,
1004,Max Consecutive Ones III,59.10%,Medium,0.58267823, https://leetcode.com/problems/max-consecutive-ones-iii,
407,Trapping Rain Water II,42.40%,Hard,0.580113292, https://leetcode.com/problems/trapping-rain-water-ii,
377,Combination Sum IV,45.30%,Medium,0.565026081, https://leetcode.com/problems/combination-sum-iv,
106,Construct Binary Tree from Inorder and Postorder Traversal,47.20%,Medium,0.564849064, https://leetcode.com/problems/construct-binary-tree-from-inorder-and-postorder-traversal,
1166,Design File System,56.80%,Medium,0.563210759, https://leetcode.com/problems/design-file-system,
634,Find the Derangement of An Array,40.10%,Medium,0.56230758, https://leetcode.com/problems/find-the-derangement-of-an-array,
725,Split Linked List in Parts,52.20%,Medium,0.561800846, https://leetcode.com/problems/split-linked-list-in-parts,
729,My Calendar I,51.80%,Medium,0.560410595, https://leetcode.com/problems/my-calendar-i,
132,Palindrome Partitioning II,30.20%,Hard,0.558643498, https://leetcode.com/problems/palindrome-partitioning-ii,
929,Unique Email Addresses,67.40%,Easy,0.558198199, https://leetcode.com/problems/unique-email-addresses,
250,Count Univalue Subtrees,52.00%,Medium,0.558033092, https://leetcode.com/problems/count-univalue-subtrees,
118,Pascal's Triangle,52.50%,Easy,0.557727305, https://leetcode.com/problems/pascals-triangle,
217,Contains Duplicate,56.00%,Easy,0.557221099, https://leetcode.com/problems/contains-duplicate,
60,Permutation Sequence,38.40%,Hard,0.556508587, https://leetcode.com/problems/permutation-sequence,
296,Best Meeting Point,57.50%,Hard,0.554941889, https://leetcode.com/problems/best-meeting-point,
66,Plus One,43.00%,Easy,0.551107691, https://leetcode.com/problems/plus-one,
355,Design Twitter,30.30%,Medium,0.550795681, https://leetcode.com/problems/design-twitter,
715,Range Module,38.50%,Hard,0.537142932, https://leetcode.com/problems/range-module,
765,Couples Holding Hands,54.30%,Hard,0.535710267, https://leetcode.com/problems/couples-holding-hands,
611,Valid Triangle Number,48.40%,Medium,0.52806743, https://leetcode.com/problems/valid-triangle-number,
299,Bulls and Cows,42.40%,Easy,0.525442206, https://leetcode.com/problems/bulls-and-cows,
415,Add Strings,47.50%,Easy,0.523163516, https://leetcode.com/problems/add-strings,
209,Minimum Size Subarray Sum,38.20%,Medium,0.521415738, https://leetcode.com/problems/minimum-size-subarray-sum,
557,Reverse Words in a String III,69.80%,Easy,0.517303044, https://leetcode.com/problems/reverse-words-in-a-string-iii,
719,Find K-th Smallest Pair Distance,31.50%,Hard,0.516327701, https://leetcode.com/problems/find-k-th-smallest-pair-distance,
335,Self Crossing,28.00%,Hard,0.514181332, https://leetcode.com/problems/self-crossing,
393,UTF-8 Validation,37.50%,Medium,0.514046238, https://leetcode.com/problems/utf-8-validation,
192,Word Frequency,25.80%,Medium,0.512968099, https://leetcode.com/problems/word-frequency,
1057,Campus Bikes,57.70%,Medium,0.508613233, https://leetcode.com/problems/campus-bikes,
701,Insert into a Binary Search Tree,77.70%,Medium,0.507378155, https://leetcode.com/problems/insert-into-a-binary-search-tree,
771,Jewels and Stones,86.40%,Easy,0.506722904, https://leetcode.com/problems/jewels-and-stones,
686,Repeated String Match,32.30%,Easy,0.501021624, https://leetcode.com/problems/repeated-string-match,
541,Reverse String II,48.40%,Easy,0.495822756, https://leetcode.com/problems/reverse-string-ii,
637,Average of Levels in Binary Tree,63.10%,Easy,0.495217126, https://leetcode.com/problems/average-of-levels-in-binary-tree,
163,Missing Ranges,24.30%,Medium,0.491822677, https://leetcode.com/problems/missing-ranges,
743,Network Delay Time,45.00%,Medium,0.487601954, https://leetcode.com/problems/network-delay-time,
365,Water and Jug Problem,30.60%,Medium,0.486847042, https://leetcode.com/problems/water-and-jug-problem,
319,Bulb Switcher,45.40%,Medium,0.478490243, https://leetcode.com/problems/bulb-switcher,
395,Longest Substring with At Least K Repeating Characters,41.40%,Medium,0.478170678, https://leetcode.com/problems/longest-substring-with-at-least-k-repeating-characters,
339,Nested List Weight Sum,74.00%,Easy,0.47534247, https://leetcode.com/problems/nested-list-weight-sum,
1031,Maximum Sum of Two Non-Overlapping Subarrays,57.90%,Medium,0.473070754, https://leetcode.com/problems/maximum-sum-of-two-non-overlapping-subarrays,
1122,Relative Sort Array,67.70%,Easy,0.470873033, https://leetcode.com/problems/relative-sort-array,
89,Gray Code,49.10%,Medium,0.470590312, https://leetcode.com/problems/gray-code,
111,Minimum Depth of Binary Tree,37.40%,Easy,0.469671459, https://leetcode.com/problems/minimum-depth-of-binary-tree,
371,Sum of Two Integers,50.70%,Medium,0.469029359, https://leetcode.com/problems/sum-of-two-integers,
558,Logical OR of Two Binary Grids Represented as Quad-Trees,44.60%,Medium,0.468136215, https://leetcode.com/problems/logical-or-of-two-binary-grids-represented-as-quad-trees,
844,Backspace String Compare,46.40%,Easy,0.467418192, https://leetcode.com/problems/backspace-string-compare,
354,Russian Doll Envelopes,35.60%,Hard,0.466399184, https://leetcode.com/problems/russian-doll-envelopes,
773,Sliding Puzzle,59.30%,Hard,0.463961315, https://leetcode.com/problems/sliding-puzzle,
1161,Maximum Level Sum of a Binary Tree,72.20%,Medium,0.462841491, https://leetcode.com/problems/maximum-level-sum-of-a-binary-tree,
413,Arithmetic Slices,57.90%,Medium,0.459949652, https://leetcode.com/problems/arithmetic-slices,
515,Find Largest Value in Each Tree Row,61.10%,Medium,0.459405498, https://leetcode.com/problems/find-largest-value-in-each-tree-row,
427,Construct Quad Tree,61.40%,Medium,0.458574933, https://leetcode.com/problems/construct-quad-tree,
450,Delete Node in a BST,43.10%,Medium,0.44849234, https://leetcode.com/problems/delete-node-in-a-bst,
100,Same Tree,53.40%,Easy,0.446989945, https://leetcode.com/problems/same-tree,
468,Validate IP Address,24.10%,Medium,0.445585102, https://leetcode.com/problems/validate-ip-address,
305,Number of Islands II,40.10%,Hard,0.442937847, https://leetcode.com/problems/number-of-islands-ii,
1002,Find Common Characters,67.60%,Easy,0.440870381, https://leetcode.com/problems/find-common-characters,
1172,Dinner Plate Stacks,38.20%,Hard,0.4405962, https://leetcode.com/problems/dinner-plate-stacks,
1360,Number of Days Between Two Dates,48.80%,Easy,0.4405962, https://leetcode.com/problems/number-of-days-between-two-dates,
1019,Next Greater Node In Linked List,57.40%,Medium,0.43557491, https://leetcode.com/problems/next-greater-node-in-linked-list,
473,Matchsticks to Square,37.70%,Medium,0.428001273, https://leetcode.com/problems/matchsticks-to-square,
727,Minimum Window Subsequence,41.80%,Hard,0.425465775, https://leetcode.com/problems/minimum-window-subsequence,
183,Customers Who Never Order,53.40%,Easy,0.423609936, https://leetcode.com/problems/customers-who-never-order,
1130,Minimum Cost Tree From Leaf Values,66.10%,Medium,0.422007858, https://leetcode.com/problems/minimum-cost-tree-from-leaf-values,
683,K Empty Slots,35.60%,Hard,0.41948151, https://leetcode.com/problems/k-empty-slots,
43,Multiply Strings,33.90%,Medium,0.416580563, https://leetcode.com/problems/multiply-strings,
849,Maximize Distance to Closest Person,42.60%,Easy,0.414728332, https://leetcode.com/problems/maximize-distance-to-closest-person,
178,Rank Scores,45.80%,Medium,0.413473581, https://leetcode.com/problems/rank-scores,
222,Count Complete Tree Nodes,46.80%,Medium,0.410861016, https://leetcode.com/problems/count-complete-tree-nodes,
304,Range Sum Query 2D - Immutable,38.60%,Medium,0.408379712, https://leetcode.com/problems/range-sum-query-2d-immutable,
1094,Car Pooling,56.70%,Medium,0.406830296, https://leetcode.com/problems/car-pooling,
1066,Campus Bikes II,54.20%,Medium,0.400323709, https://leetcode.com/problems/campus-bikes-ii,
416,Partition Equal Subset Sum,43.70%,Medium,0.399266364, https://leetcode.com/problems/partition-equal-subset-sum,
1335,Minimum Difficulty of a Job Schedule,57.60%,Hard,0.396304739, https://leetcode.com/problems/minimum-difficulty-of-a-job-schedule,
241,Different Ways to Add Parentheses,55.20%,Medium,0.395191613, https://leetcode.com/problems/different-ways-to-add-parentheses,
145,Binary Tree Postorder Traversal,55.00%,Hard,0.393895515, https://leetcode.com/problems/binary-tree-postorder-traversal,
1373,Maximum Sum BST in Binary Tree,40.20%,Hard,0.393187086, https://leetcode.com/problems/maximum-sum-bst-in-binary-tree,
687,Longest Univalue Path,36.20%,Easy,0.393102039, https://leetcode.com/problems/longest-univalue-path,
47,Permutations II,46.40%,Medium,0.389543155, https://leetcode.com/problems/permutations-ii,
1188,Design Bounded Blocking Queue,70.50%,Medium,0.382859723, https://leetcode.com/problems/design-bounded-blocking-queue,
237,Delete Node in a Linked List,63.80%,Easy,0.382200661, https://leetcode.com/problems/delete-node-in-a-linked-list,
1074,Number of Submatrices That Sum to Target,60.40%,Hard,0.37929539, https://leetcode.com/problems/number-of-submatrices-that-sum-to-target,
646,Maximum Length of Pair Chain,51.90%,Medium,0.378500746, https://leetcode.com/problems/maximum-length-of-pair-chain,
924,Minimize Malware Spread,42.00%,Hard,0.376477571, https://leetcode.com/problems/minimize-malware-spread,
321,Create Maximum Number,27.00%,Hard,0.376477571, https://leetcode.com/problems/create-maximum-number,
1084,Sales Analysis III,54.30%,Easy,0.376405876, https://leetcode.com/problems/sales-analysis-iii,
567,Permutation in String,44.40%,Medium,0.375399149, https://leetcode.com/problems/permutation-in-string,
307,Range Sum Query - Mutable,34.60%,Medium,0.375220292, https://leetcode.com/problems/range-sum-query-mutable,
969,Pancake Sorting,67.50%,Medium,0.373513508, https://leetcode.com/problems/pancake-sorting,
889,Construct Binary Tree from Preorder and Postorder Traversal,66.20%,Medium,0.373121863, https://leetcode.com/problems/construct-binary-tree-from-preorder-and-postorder-traversal,
115,Distinct Subsequences,38.30%,Hard,0.37226803, https://leetcode.com/problems/distinct-subsequences,
1081,Smallest Subsequence of Distinct Characters,50.40%,Medium,0.366362382, https://leetcode.com/problems/smallest-subsequence-of-distinct-characters,
1143,Longest Common Subsequence,58.40%,Medium,0.361080579, https://leetcode.com/problems/longest-common-subsequence,
214,Shortest Palindrome,29.80%,Hard,0.354934299, https://leetcode.com/problems/shortest-palindrome,
345,Reverse Vowels of a String,44.20%,Easy,0.354073248, https://leetcode.com/problems/reverse-vowels-of-a-string,
783,Minimum Distance Between BST Nodes,52.60%,Easy,0.353950599, https://leetcode.com/problems/minimum-distance-between-bst-nodes,
264,Ugly Number II,42.00%,Medium,0.350792488, https://leetcode.com/problems/ugly-number-ii,
180,Consecutive Numbers,39.70%,Medium,0.346052105, https://leetcode.com/problems/consecutive-numbers,
618,Students Report By Geography,55.00%,Hard,0.34560472, https://leetcode.com/problems/students-report-by-geography,
107,Binary Tree Level Order Traversal II,53.50%,Easy,0.345316985, https://leetcode.com/problems/binary-tree-level-order-traversal-ii,
905,Sort Array By Parity,74.10%,Easy,0.341971477, https://leetcode.com/problems/sort-array-by-parity,
860,Lemonade Change,51.60%,Easy,0.341443249, https://leetcode.com/problems/lemonade-change,
581,Shortest Unsorted Continuous Subarray,31.10%,Easy,0.340971359, https://leetcode.com/problems/shortest-unsorted-continuous-subarray,
334,Increasing Triplet Subsequence,40.00%,Medium,0.33981981, https://leetcode.com/problems/increasing-triplet-subsequence,
390,Elimination Game,44.50%,Medium,0.337906957, https://leetcode.com/problems/elimination-game,
579,Find Cumulative Salary of an Employee,37.00%,Hard,0.337188056, https://leetcode.com/problems/find-cumulative-salary-of-an-employee,
262,Trips and Users,32.70%,Hard,0.336239164, https://leetcode.com/problems/trips-and-users,
1405,Longest Happy String,49.00%,Medium,0.33601572, https://leetcode.com/problems/longest-happy-string,
420,Strong Password Checker,14.00%,Hard,0.331962646, https://leetcode.com/problems/strong-password-checker,
827,Making A Large Island,45.70%,Hard,0.328795995, https://leetcode.com/problems/making-a-large-island,
1315,Sum of Nodes with Even-Valued Grandparent,83.50%,Medium,0.328115642, https://leetcode.com/problems/sum-of-nodes-with-even-valued-grandparent,
1062,Longest Repeating Substring,57.20%,Medium,0.326091521, https://leetcode.com/problems/longest-repeating-substring,
447,Number of Boomerangs,51.80%,Easy,0.324756045, https://leetcode.com/problems/number-of-boomerangs,
532,K-diff Pairs in an Array,31.60%,Easy,0.324239668, https://leetcode.com/problems/k-diff-pairs-in-an-array,
1311,Get Watched Videos by Your Friends,43.10%,Medium,0.320742935, https://leetcode.com/problems/get-watched-videos-by-your-friends,
290,Word Pattern,37.00%,Easy,0.319213129, https://leetcode.com/problems/word-pattern,
876,Middle of the Linked List,68.40%,Easy,0.318488522, https://leetcode.com/problems/middle-of-the-linked-list,
710,Random Pick with Blacklist,32.50%,Hard,0.316197243, https://leetcode.com/problems/random-pick-with-blacklist,
918,Maximum Sum Circular Subarray,33.70%,Medium,0.315917447, https://leetcode.com/problems/maximum-sum-circular-subarray,
191,Number of 1 Bits,49.80%,Easy,0.313001052, https://leetcode.com/problems/number-of-1-bits,
873,Length of Longest Fibonacci Subsequence,48.00%,Medium,0.311910341, https://leetcode.com/problems/length-of-longest-fibonacci-subsequence,
586,Customer Placing the Largest Number of Orders,73.00%,Easy,0.311518521, https://leetcode.com/problems/customer-placing-the-largest-number-of-orders,
383,Ransom Note,53.10%,Easy,0.3074847, https://leetcode.com/problems/ransom-note,
174,Dungeon Game,32.30%,Hard,0.305958162, https://leetcode.com/problems/dungeon-game,
657,Robot Return to Origin,73.50%,Easy,0.305730142, https://leetcode.com/problems/robot-return-to-origin,
841,Keys and Rooms,64.30%,Medium,0.297514464, https://leetcode.com/problems/keys-and-rooms,
1244,Design A Leaderboard,60.70%,Medium,0.296819465, https://leetcode.com/problems/design-a-leaderboard,
938,Range Sum of BST,81.30%,Easy,0.296220712, https://leetcode.com/problems/range-sum-of-bst,
95,Unique Binary Search Trees II,40.60%,Medium,0.295829835, https://leetcode.com/problems/unique-binary-search-trees-ii,
203,Remove Linked List Elements,38.60%,Easy,0.293908837, https://leetcode.com/problems/remove-linked-list-elements,
359,Logger Rate Limiter,70.80%,Easy,0.292987125, https://leetcode.com/problems/logger-rate-limiter,
919,Complete Binary Tree Inserter,57.30%,Medium,0.291434422, https://leetcode.com/problems/complete-binary-tree-inserter,
796,Rotate String,49.60%,Easy,0.289220929, https://leetcode.com/problems/rotate-string,
559,Maximum Depth of N-ary Tree,68.70%,Easy,0.288026841, https://leetcode.com/problems/maximum-depth-of-n-ary-tree,
158,Read N Characters Given Read4 II - Call multiple times,33.80%,Hard,0.281525135, https://leetcode.com/problems/read-n-characters-given-read4-ii-call-multiple-times,
1104,Path In Zigzag Labelled Binary Tree,72.00%,Medium,0.280571834, https://leetcode.com/problems/path-in-zigzag-labelled-binary-tree,
382,Linked List Random Node,52.10%,Medium,0.280215717, https://leetcode.com/problems/linked-list-random-node,
732,My Calendar III,60.00%,Hard,0.279584862, https://leetcode.com/problems/my-calendar-iii,
1007,Minimum Domino Rotations For Equal Row,50.00%,Medium,0.275493556, https://leetcode.com/problems/minimum-domino-rotations-for-equal-row,
244,Shortest Word Distance II,52.30%,Medium,0.275228611, https://leetcode.com/problems/shortest-word-distance-ii,
77,Combinations,54.70%,Medium,0.274411585, https://leetcode.com/problems/combinations,
414,Third Maximum Number,30.50%,Easy,0.27379114, https://leetcode.com/problems/third-maximum-number,
1108,Defanging an IP Address,87.50%,Easy,0.270750206, https://leetcode.com/problems/defanging-an-ip-address,
1013,Partition Array Into Three Parts With Equal Sum,51.80%,Easy,0.263290619, https://leetcode.com/problems/partition-array-into-three-parts-with-equal-sum,
119,Pascal's Triangle II,49.00%,Easy,0.261696746, https://leetcode.com/problems/pascals-triangle-ii,
1139,Largest 1-Bordered Square,47.50%,Medium,0.261597295, https://leetcode.com/problems/largest-1-bordered-square,
746,Min Cost Climbing Stairs,50.30%,Easy,0.261187146, https://leetcode.com/problems/min-cost-climbing-stairs,
453,Minimum Moves to Equal Array Elements,50.20%,Easy,0.260531083, https://leetcode.com/problems/minimum-moves-to-equal-array-elements,
466,Count The Repetitions,28.20%,Hard,0.256168807, https://leetcode.com/problems/count-the-repetitions,
570,Managers with at Least 5 Direct Reports,66.00%,Medium,0.255346692, https://leetcode.com/problems/managers-with-at-least-5-direct-reports,
609,Find Duplicate File in System,59.50%,Medium,0.253880177, https://leetcode.com/problems/find-duplicate-file-in-system,
762,Prime Number of Set Bits in Binary Representation,63.20%,Easy,0.247793298, https://leetcode.com/problems/prime-number-of-set-bits-in-binary-representation,
368,Largest Divisible Subset,38.00%,Medium,0.244787438, https://leetcode.com/problems/largest-divisible-subset,
881,Boats to Save People,46.80%,Medium,0.24320528, https://leetcode.com/problems/boats-to-save-people,
452,Minimum Number of Arrows to Burst Balloons,49.60%,Medium,0.238433688, https://leetcode.com/problems/minimum-number-of-arrows-to-burst-balloons,
731,My Calendar II,49.10%,Medium,0.236388778, https://leetcode.com/problems/my-calendar-ii,
1047,Remove All Adjacent Duplicates In String,68.60%,Easy,0.236008195, https://leetcode.com/problems/remove-all-adjacent-duplicates-in-string,
779,K-th Symbol in Grammar,37.20%,Medium,0.235302201, https://leetcode.com/problems/k-th-symbol-in-grammar,
1270,All People Report to the Given Manager,87.10%,Medium,0.234993591, https://leetcode.com/problems/all-people-report-to-the-given-manager,
507,Perfect Number,35.50%,Easy,0.234938128, https://leetcode.com/problems/perfect-number,
35,Search Insert Position,42.60%,Easy,0.232692597, https://leetcode.com/problems/search-insert-position,
397,Integer Replacement,32.90%,Medium,0.232252268, https://leetcode.com/problems/integer-replacement,
811,Subdomain Visit Count,69.90%,Easy,0.22553002, https://leetcode.com/problems/subdomain-visit-count,
311,Sparse Matrix Multiplication,61.90%,Medium,0.225388221, https://leetcode.com/problems/sparse-matrix-multiplication,
939,Minimum Area Rectangle,51.80%,Medium,0.216922691, https://leetcode.com/problems/minimum-area-rectangle,
435,Non-overlapping Intervals,42.90%,Medium,0.215649925, https://leetcode.com/problems/non-overlapping-intervals,
669,Trim a Binary Search Tree,63.00%,Easy,0.212458651, https://leetcode.com/problems/trim-a-binary-search-tree,
626,Exchange Seats,62.30%,Medium,0.210327696, https://leetcode.com/problems/exchange-seats,
741,Cherry Pickup,33.90%,Hard,0.209091798, https://leetcode.com/problems/cherry-pickup,
862,Shortest Subarray with Sum at Least K,24.60%,Hard,0.208242077, https://leetcode.com/problems/shortest-subarray-with-sum-at-least-k,
1249,Minimum Remove to Make Valid Parentheses,62.50%,Medium,0.207783696, https://leetcode.com/problems/minimum-remove-to-make-valid-parentheses,
1202,Smallest String With Swaps,46.50%,Medium,0.20715971, https://leetcode.com/problems/smallest-string-with-swaps,
604,Design Compressed String Iterator,37.50%,Easy,0.205852054, https://leetcode.com/problems/design-compressed-string-iterator,
1008,Construct Binary Search Tree from Preorder Traversal,78.40%,Medium,0.20539744, https://leetcode.com/problems/construct-binary-search-tree-from-preorder-traversal,
1254,Number of Closed Islands,60.50%,Medium,0.203124684, https://leetcode.com/problems/number-of-closed-islands,
1375,Bulb Switcher III,62.60%,Medium,0.196226244, https://leetcode.com/problems/bulb-switcher-iii,
1060,Missing Element in Sorted Array,54.50%,Medium,0.195060583, https://leetcode.com/problems/missing-element-in-sorted-array,
601,Human Traffic of Stadium,41.70%,Hard,0.194313706, https://leetcode.com/problems/human-traffic-of-stadium,
1198,Find Smallest Common Element in All Rows,74.90%,Medium,0.191055237, https://leetcode.com/problems/find-smallest-common-element-in-all-rows,
756,Pyramid Transition Matrix,54.60%,Medium,0.191055237, https://leetcode.com/problems/pyramid-transition-matrix,
358,Rearrange String k Distance Apart,34.90%,Hard,0.190043603, https://leetcode.com/problems/rearrange-string-k-distance-apart,
995,Minimum Number of K Consecutive Bit Flips,46.80%,Hard,0.190043603, https://leetcode.com/problems/minimum-number-of-k-consecutive-bit-flips,
864,Shortest Path to Get All Keys,40.10%,Hard,0.189242, https://leetcode.com/problems/shortest-path-to-get-all-keys,
549,Binary Tree Longest Consecutive Sequence II,47.00%,Medium,0.18844715, https://leetcode.com/problems/binary-tree-longest-consecutive-sequence-ii,
900,RLE Iterator,53.50%,Medium,0.18844715, https://leetcode.com/problems/rle-iterator,
681,Next Closest Time,45.00%,Medium,0.188126152, https://leetcode.com/problems/next-closest-time,
684,Redundant Connection,57.40%,Medium,0.187267353, https://leetcode.com/problems/redundant-connection,
219,Contains Duplicate II,37.70%,Easy,0.186968629, https://leetcode.com/problems/contains-duplicate-ii,
792,Number of Matching Subsequences,47.40%,Medium,0.185717146, https://leetcode.com/problems/number-of-matching-subsequences,
852,Peak Index in a Mountain Array,71.60%,Easy,0.184963566, https://leetcode.com/problems/peak-index-in-a-mountain-array,
536,Construct Binary Tree from String,48.30%,Medium,0.181951939, https://leetcode.com/problems/construct-binary-tree-from-string,
1153,String Transforms Into Another String,35.80%,Hard,0.181698698, https://leetcode.com/problems/string-transforms-into-another-string,
1245,Tree Diameter,60.10%,Medium,0.178691789, https://leetcode.com/problems/tree-diameter,
871,Minimum Number of Refueling Stops,31.40%,Hard,0.176930708, https://leetcode.com/problems/minimum-number-of-refueling-stops,
486,Predict the Winner,47.90%,Medium,0.176474176, https://leetcode.com/problems/predict-the-winner,
1027,Longest Arithmetic Sequence,53.40%,Medium,0.175890666, https://leetcode.com/problems/longest-arithmetic-sequence,
977,Squares of a Sorted Array,72.10%,Easy,0.174821114, https://leetcode.com/problems/squares-of-a-sorted-array,
523,Continuous Subarray Sum,24.60%,Medium,0.174115617, https://leetcode.com/problems/continuous-subarray-sum,
670,Maximum Swap,43.60%,Medium,0.173594806, https://leetcode.com/problems/maximum-swap,
1248,Count Number of Nice Subarrays,56.40%,Medium,0.17228309, https://leetcode.com/problems/count-number-of-nice-subarrays,
561,Array Partition I,72.00%,Easy,0.171809987, https://leetcode.com/problems/array-partition-i,
856,Score of Parentheses,60.50%,Medium,0.171358252, https://leetcode.com/problems/score-of-parentheses,
707,Design Linked List,24.50%,Medium,0.170432171, https://leetcode.com/problems/design-linked-list,
1162,As Far from Land as Possible,43.50%,Medium,0.169358233, https://leetcode.com/problems/as-far-from-land-as-possible,
1430,Check If a String Is a Valid Sequence from Root to Leaves Path in a Binary Tree,44.80%,Medium,0.169178731, https://leetcode.com/problems/check-if-a-string-is-a-valid-sequence-from-root-to-leaves-path-in-a-binary-tree,
1026,Maximum Difference Between Node and Ancestor,66.00%,Medium,0.167834725, https://leetcode.com/problems/maximum-difference-between-node-and-ancestor,
963,Minimum Area Rectangle II,50.90%,Medium,0.166357706, https://leetcode.com/problems/minimum-area-rectangle-ii,
493,Reverse Pairs,25.20%,Hard,0.162298641, https://leetcode.com/problems/reverse-pairs,
1048,Longest String Chain,54.70%,Medium,0.16207895, https://leetcode.com/problems/longest-string-chain,
338,Counting Bits,69.50%,Medium,0.161355462, https://leetcode.com/problems/counting-bits,
720,Longest Word in Dictionary,48.20%,Easy,0.160827205, https://leetcode.com/problems/longest-word-in-dictionary,
404,Sum of Left Leaves,50.90%,Easy,0.159116456, https://leetcode.com/problems/sum-of-left-leaves,
724,Find Pivot Index,44.00%,Easy,0.157730636, https://leetcode.com/problems/find-pivot-index,
539,Minimum Time Difference,51.50%,Medium,0.156025095, https://leetcode.com/problems/minimum-time-difference,
979,Distribute Coins in Binary Tree,68.90%,Medium,0.15348689, https://leetcode.com/problems/distribute-coins-in-binary-tree,
1242,Web Crawler Multithreaded,45.90%,Medium,0.149531734, https://leetcode.com/problems/web-crawler-multithreaded,
1395,Count Number of Teams,82.00%,Medium,0.149442182, https://leetcode.com/problems/count-number-of-teams,
951,Flip Equivalent Binary Trees,65.80%,Medium,0.14837588, https://leetcode.com/problems/flip-equivalent-binary-trees,
942,DI String Match,72.60%,Easy,0.146379535, https://leetcode.com/problems/di-string-match,
213,House Robber II,36.50%,Medium,0.144966872, https://leetcode.com/problems/house-robber-ii,
714,Best Time to Buy and Sell Stock with Transaction Fee,54.70%,Medium,0.142773391, https://leetcode.com/problems/best-time-to-buy-and-sell-stock-with-transaction-fee,
376,Wiggle Subsequence,39.60%,Medium,0.139234056, https://leetcode.com/problems/wiggle-subsequence,
673,Number of Longest Increasing Subsequence,35.70%,Medium,0.138509695, https://leetcode.com/problems/number-of-longest-increasing-subsequence,
1005,Maximize Sum Of Array After K Negations,51.30%,Easy,0.138044221, https://leetcode.com/problems/maximize-sum-of-array-after-k-negations,
855,Exam Room,43.10%,Medium,0.138044221, https://leetcode.com/problems/exam-room,
702,Search in a Sorted Array of Unknown Size,66.90%,Medium,0.137832475, https://leetcode.com/problems/search-in-a-sorted-array-of-unknown-size,
429,N-ary Tree Level Order Traversal,65.00%,Medium,0.137276578, https://leetcode.com/problems/n-ary-tree-level-order-traversal,
392,Is Subsequence,49.20%,Easy,0.136352108, https://leetcode.com/problems/is-subsequence,
1479,Sales by Day of the Week,83.40%,Hard,0.134884268, https://leetcode.com/problems/sales-by-day-of-the-week,
1160,Find Words That Can Be Formed by Characters,67.40%,Easy,0.133674403, https://leetcode.com/problems/find-words-that-can-be-formed-by-characters,
309,Best Time to Buy and Sell Stock with Cooldown,47.40%,Medium,0.130888062, https://leetcode.com/problems/best-time-to-buy-and-sell-stock-with-cooldown,
958,Check Completeness of a Binary Tree,52.10%,Medium,0.128844961, https://leetcode.com/problems/check-completeness-of-a-binary-tree,
974,Subarray Sums Divisible by K,48.90%,Medium,0.128381167, https://leetcode.com/problems/subarray-sums-divisible-by-k,
1117,Building H2O,52.60%,Medium,0.127969881, https://leetcode.com/problems/building-h2o,
1059,All Paths from Source Lead to Destination,44.70%,Medium,0.126751706, https://leetcode.com/problems/all-paths-from-source-lead-to-destination,
475,Heaters,33.10%,Easy,0.126395212, https://leetcode.com/problems/heaters,
1233,Remove Sub-Folders from the Filesystem,59.50%,Medium,0.124126067, https://leetcode.com/problems/remove-sub-folders-from-the-filesystem,
621,Task Scheduler,50.10%,Medium,0.123879725, https://leetcode.com/problems/task-scheduler,
890,Find and Replace Pattern,73.40%,Medium,0.123613956, https://leetcode.com/problems/find-and-replace-pattern,
912,Sort an Array,63.90%,Medium,0.122937686, https://leetcode.com/problems/sort-an-array,
654,Maximum Binary Tree,79.90%,Medium,0.122342007, https://leetcode.com/problems/maximum-binary-tree,
1114,Print in Order,65.70%,Easy,0.121360857, https://leetcode.com/problems/print-in-order,
784,Letter Case Permutation,64.60%,Medium,0.120395338, https://leetcode.com/problems/letter-case-permutation,
839,Similar String Groups,38.60%,Hard,0.119346758, https://leetcode.com/problems/similar-string-groups,
904,Fruit Into Baskets,42.50%,Medium,0.118848148, https://leetcode.com/problems/fruit-into-baskets,
1299,Replace Elements with Greatest Element on Right Side,75.40%,Easy,0.118067167, https://leetcode.com/problems/replace-elements-with-greatest-element-on-right-side,
1179,Reformat Department Table,80.60%,Easy,0.117350603, https://leetcode.com/problems/reformat-department-table,
144,Binary Tree Preorder Traversal,55.70%,Medium,0.116763148, https://leetcode.com/problems/binary-tree-preorder-traversal,
679,24 Game,46.40%,Hard,0.116410352, https://leetcode.com/problems/24-game,
67,Add Binary,45.20%,Easy,0.113490558, https://leetcode.com/problems/add-binary,
671,Second Minimum Node In a Binary Tree,42.70%,Easy,0.11343593, https://leetcode.com/problems/second-minimum-node-in-a-binary-tree,
1068,Product Sales Analysis I,83.10%,Easy,0.112477983, https://leetcode.com/problems/product-sales-analysis-i,
842,Split Array into Fibonacci Sequence,36.30%,Medium,0.1118483, https://leetcode.com/problems/split-array-into-fibonacci-sequence,
196,Delete Duplicate Emails,41.10%,Easy,0.111723209, https://leetcode.com/problems/delete-duplicate-emails,
742,Closest Leaf in a Binary Tree,43.60%,Medium,0.110609872, https://leetcode.com/problems/closest-leaf-in-a-binary-tree,
966,Vowel Spellchecker,47.20%,Medium,0.106767975, https://leetcode.com/problems/vowel-spellchecker,
249,Group Shifted Strings,55.10%,Medium,0.106129989, https://leetcode.com/problems/group-shifted-strings,
172,Factorial Trailing Zeroes,37.80%,Easy,0.105825524, https://leetcode.com/problems/factorial-trailing-zeroes,
1266,Minimum Time Visiting All Points,79.60%,Easy,0.103827613, https://leetcode.com/problems/minimum-time-visiting-all-points,
396,Rotate Function,36.30%,Medium,0.103451337, https://leetcode.com/problems/rotate-function,
267,Palindrome Permutation II,36.40%,Medium,0.103451337, https://leetcode.com/problems/palindrome-permutation-ii,
485,Max Consecutive Ones,54.60%,Easy,0.102478669, https://leetcode.com/problems/max-consecutive-ones,
27,Remove Element,48.20%,Easy,0.102241778, https://leetcode.com/problems/remove-element,
1110,Delete Nodes And Return Forest,67.00%,Medium,0.099525189, https://leetcode.com/problems/delete-nodes-and-return-forest,
661,Image Smoother,51.50%,Easy,0.09933719, https://leetcode.com/problems/image-smoother,
1023,Camelcase Matching,57.00%,Medium,0.098601977, https://leetcode.com/problems/camelcase-matching,
461,Hamming Distance,72.80%,Easy,0.097628735, https://leetcode.com/problems/hamming-distance,
752,Open the Lock,51.80%,Medium,0.094914107, https://leetcode.com/problems/open-the-lock,
605,Can Place Flowers,31.60%,Easy,0.094857793, https://leetcode.com/problems/can-place-flowers,
826,Most Profit Assigning Work,38.50%,Medium,0.092874125, https://leetcode.com/problems/most-profit-assigning-work,
367,Valid Perfect Square,41.70%,Easy,0.090216206, https://leetcode.com/problems/valid-perfect-square,
791,Custom Sort String,65.70%,Medium,0.090049553, https://leetcode.com/problems/custom-sort-string,
216,Combination Sum III,56.60%,Medium,0.087535349, https://leetcode.com/problems/combination-sum-iii,
1247,Minimum Swaps to Make Strings Equal,60.10%,Medium,0.086260344, https://leetcode.com/problems/minimum-swaps-to-make-strings-equal,
916,Word Subsets,47.80%,Medium,0.084796537, https://leetcode.com/problems/word-subsets,
582,Kill Process,60.80%,Medium,0.083555886, https://leetcode.com/problems/kill-process,
921,Minimum Add to Make Parentheses Valid,73.70%,Medium,0.083078369, https://leetcode.com/problems/minimum-add-to-make-parentheses-valid,
459,Repeated Substring Pattern,42.20%,Easy,0.082992133, https://leetcode.com/problems/repeated-substring-pattern,
278,First Bad Version,35.70%,Easy,0.082959841, https://leetcode.com/problems/first-bad-version,
884,Uncommon Words from Two Sentences,63.30%,Easy,0.079900511, https://leetcode.com/problems/uncommon-words-from-two-sentences,
875,Koko Eating Bananas,52.10%,Medium,0.079197042, https://leetcode.com/problems/koko-eating-bananas,
705,Design HashSet,64.30%,Easy,0.07497265, https://leetcode.com/problems/design-hashset,
674,Longest Continuous Increasing Subsequence,45.90%,Easy,0.073936666, https://leetcode.com/problems/longest-continuous-increasing-subsequence,
1082,Sales Analysis I,71.80%,Easy,0.071458964, https://leetcode.com/problems/sales-analysis-i,
260,Single Number III,64.30%,Medium,0.070562178, https://leetcode.com/problems/single-number-iii,
1146,Snapshot Array,37.00%,Medium,0.070176877, https://leetcode.com/problems/snapshot-array,
953,Verifying an Alien Dictionary,54.10%,Easy,0.068821342, https://leetcode.com/problems/verifying-an-alien-dictionary,
814,Binary Tree Pruning,74.50%,Medium,0.068729332, https://leetcode.com/problems/binary-tree-pruning,
1337,The K Weakest Rows in a Matrix,68.80%,Easy,0.068572173, https://leetcode.com/problems/the-k-weakest-rows-in-a-matrix,
1495,Friendly Movies Streamed Last Month,52.60%,Easy,0.068519946, https://leetcode.com/problems/friendly-movies-streamed-last-month,
872,Leaf-Similar Trees,64.50%,Easy,0.068315075, https://leetcode.com/problems/leaf-similar-trees,
584,Find Customer Referee,72.30%,Easy,0.065921721, https://leetcode.com/problems/find-customer-referee,
1332,Remove Palindromic Subsequences,60.10%,Easy,0.065813219, https://leetcode.com/problems/remove-palindromic-subsequences,
1029,Two City Scheduling,56.10%,Easy,0.063715814, https://leetcode.com/problems/two-city-scheduling,
1251,Average Selling Price,81.60%,Easy,0.062228471, https://leetcode.com/problems/average-selling-price,
801,Minimum Swaps To Make Sequences Increasing,38.90%,Medium,0.061463274, https://leetcode.com/problems/minimum-swaps-to-make-sequences-increasing,
1069,Product Sales Analysis II,82.90%,Easy,0.060809005, https://leetcode.com/problems/product-sales-analysis-ii,
931,Minimum Falling Path Sum,62.50%,Medium,0.05914996, https://leetcode.com/problems/minimum-falling-path-sum,
52,N-Queens II,57.90%,Hard,0.05815592, https://leetcode.com/problems/n-queens-ii,
80,Remove Duplicates from Sorted Array II,44.00%,Medium,0.057987258, https://leetcode.com/problems/remove-duplicates-from-sorted-array-ii,
922,Sort Array By Parity II,69.30%,Easy,0.057671328, https://leetcode.com/problems/sort-array-by-parity-ii,
1221,Split a String in Balanced Strings,83.30%,Easy,0.053626401, https://leetcode.com/problems/split-a-string-in-balanced-strings,
1303,Find the Team Size,87.80%,Easy,0.05155781, https://leetcode.com/problems/find-the-team-size,
1339,Maximum Product of Splitted Binary Tree,37.20%,Medium,0.050643733, https://leetcode.com/problems/maximum-product-of-splitted-binary-tree,
1128,Number of Equivalent Domino Pairs,47.30%,Easy,0.049515065, https://leetcode.com/problems/number-of-equivalent-domino-pairs,
1267,Count Servers that Communicate,57.90%,Medium,0.049029427, https://leetcode.com/problems/count-servers-that-communicate,
1051,Height Checker,71.10%,Easy,0.045103473, https://leetcode.com/problems/height-checker,
1382,Balance a Binary Search Tree,74.80%,Medium,0.044800325, https://leetcode.com/problems/balance-a-binary-search-tree,
1456,Maximum Number of Vowels in a Substring of Given Length,52.40%,Medium,0.042200354, https://leetcode.com/problems/maximum-number-of-vowels-in-a-substring-of-given-length,
704,Binary Search,52.10%,Easy,0.041727044, https://leetcode.com/problems/binary-search,
965,Univalued Binary Tree,67.70%,Easy,0.041518878, https://leetcode.com/problems/univalued-binary-tree,
590,N-ary Tree Postorder Traversal,72.10%,Easy,0.040454955, https://leetcode.com/problems/n-ary-tree-postorder-traversal,
1049,Last Stone Weight II,44.20%,Medium,0.039029344, https://leetcode.com/problems/last-stone-weight-ii,
797,All Paths From Source to Target,77.90%,Medium,0.038811565, https://leetcode.com/problems/all-paths-from-source-to-target,
1511,Customer Order Frequency,76.80%,Easy,0.038392431, https://leetcode.com/problems/customer-order-frequency,
606,Construct String from Binary Tree,54.10%,Easy,0.03711001, https://leetcode.com/problems/construct-string-from-binary-tree,
190,Reverse Bits,39.80%,Easy,0.03645276, https://leetcode.com/problems/reverse-bits,
1304,Find N Unique Integers Sum up to Zero,76.30%,Easy,0.035408892, https://leetcode.com/problems/find-n-unique-integers-sum-up-to-zero,
1325,Delete Leaves With a Given Value,73.00%,Medium,0.034786116, https://leetcode.com/problems/delete-leaves-with-a-given-value,
1344,Angle Between Hands of a Clock,61.40%,Medium,0.030822049, https://leetcode.com/problems/angle-between-hands-of-a-clock,
501,Find Mode in Binary Search Tree,42.40%,Easy,0.029808466, https://leetcode.com/problems/find-mode-in-binary-search-tree,
303,Range Sum Query - Immutable,44.70%,Easy,0.029549097, https://leetcode.com/problems/range-sum-query-immutable,
665,Non-decreasing Array,19.50%,Easy,0.029053044, https://leetcode.com/problems/non-decreasing-array,
1520,Maximum Number of Non-Overlapping Substrings,32.80%,Hard,0.021485668, https://leetcode.com/problems/maximum-number-of-non-overlapping-substrings,
154,Find Minimum in Rotated Sorted Array II,41.60%,Hard,0.018984908, https://leetcode.com/problems/find-minimum-in-rotated-sorted-array-ii,
389,Find the Difference,55.30%,Easy,0.016978337, https://leetcode.com/problems/find-the-difference,
1365,How Many Numbers Are Smaller Than the Current Number,85.60%,Easy,0.015926721, https://leetcode.com/problems/how-many-numbers-are-smaller-than-the-current-number,
1351,Count Negative Numbers in a Sorted Matrix,76.50%,Easy,0.01301678, https://leetcode.com/problems/count-negative-numbers-in-a-sorted-matrix,
1431,Kids With the Greatest Number of Candies,88.90%,Easy,0.0059277, https://leetcode.com/problems/kids-with-the-greatest-number-of-candies,
663,Equal Tree Partition,39.50%,Medium,0, https://leetcode.com/problems/equal-tree-partition,
537,Complex Number Multiplication,67.40%,Medium,0, https://leetcode.com/problems/complex-number-multiplication,
553,Optimal Division,56.80%,Medium,0, https://leetcode.com/problems/optimal-division,
645,Set Mismatch,42.10%,Easy,0, https://leetcode.com/problems/set-mismatch,
738,Monotone Increasing Digits,44.30%,Medium,0, https://leetcode.com/problems/monotone-increasing-digits,
776,Split BST,55.80%,Medium,0, https://leetcode.com/problems/split-bst,
851,Loud and Rich,51.60%,Medium,0, https://leetcode.com/problems/loud-and-rich,
899,Orderly Queue,52.20%,Hard,0, https://leetcode.com/problems/orderly-queue,
902,Numbers At Most N Given Digit Set,31.50%,Hard,0, https://leetcode.com/problems/numbers-at-most-n-given-digit-set,
1067,Digit Count in Range,40.00%,Hard,0, https://leetcode.com/problems/digit-count-in-range,
1065,Index Pairs of a String,60.70%,Easy,0, https://leetcode.com/problems/index-pairs-of-a-string,
1085,Sum of Digits in the Minimum Number,74.60%,Easy,0, https://leetcode.com/problems/sum-of-digits-in-the-minimum-number,
1118,Number of Days in a Month,57.40%,Easy,0, https://leetcode.com/problems/number-of-days-in-a-month,
1119,Remove Vowels from a String,89.90%,Easy,0, https://leetcode.com/problems/remove-vowels-from-a-string,
1134,Armstrong Number,78.20%,Easy,0, https://leetcode.com/problems/armstrong-number,
1028,Recover a Tree From Preorder Traversal,69.90%,Hard,0, https://leetcode.com/problems/recover-a-tree-from-preorder-traversal,
1133,Largest Unique Number,66.80%,Easy,0, https://leetcode.com/problems/largest-unique-number,
1035,Uncrossed Lines,56.10%,Medium,0, https://leetcode.com/problems/uncrossed-lines,
1045,Customers Who Bought All Products,67.70%,Medium,0, https://leetcode.com/problems/customers-who-bought-all-products,
1050,Actors and Directors Who Cooperated At Least Three Times,71.70%,Easy,0, https://leetcode.com/problems/actors-and-directors-who-cooperated-at-least-three-times,
1054,Distant Barcodes,43.20%,Medium,0, https://leetcode.com/problems/distant-barcodes,
1070,Product Sales Analysis III,48.90%,Medium,0, https://leetcode.com/problems/product-sales-analysis-iii,
1080,Insufficient Nodes in Root to Leaf Paths,49.30%,Medium,0, https://leetcode.com/problems/insufficient-nodes-in-root-to-leaf-paths,
1259,Handshakes That Don't Cross,53.50%,Hard,0, https://leetcode.com/problems/handshakes-that-dont-cross,
1288,Remove Covered Intervals,57.90%,Medium,0, https://leetcode.com/problems/remove-covered-intervals,
1129,Shortest Path with Alternating Colors,38.90%,Medium,0, https://leetcode.com/problems/shortest-path-with-alternating-colors,
1362,Closest Divisors,56.80%,Medium,0, https://leetcode.com/problems/closest-divisors,
1363,Largest Multiple of Three,33.50%,Hard,0, https://leetcode.com/problems/largest-multiple-of-three,
1175,Prime Arrangements,51.00%,Easy,0, https://leetcode.com/problems/prime-arrangements,
1176,Diet Plan Performance,53.80%,Easy,0, https://leetcode.com/problems/diet-plan-performance,
1255,Maximum Score Words Formed by Letters,69.40%,Hard,0, https://leetcode.com/problems/maximum-score-words-formed-by-letters,
1260,Shift 2D Grid,61.40%,Easy,0, https://leetcode.com/problems/shift-2d-grid,
1305,All Elements in Two Binary Search Trees,76.10%,Medium,0, https://leetcode.com/problems/all-elements-in-two-binary-search-trees,
1327,List the Products Ordered in a Period,76.40%,Easy,0, https://leetcode.com/problems/list-the-products-ordered-in-a-period,
1350,Students With Invalid Departments,89.50%,Easy,0, https://leetcode.com/problems/students-with-invalid-departments,
1404,Number of Steps to Reduce a Number in Binary Representation to One,50.40%,Medium,0, https://leetcode.com/problems/number-of-steps-to-reduce-a-number-in-binary-representation-to-one,
1408,String Matching in an Array,61.40%,Easy,0, https://leetcode.com/problems/string-matching-in-an-array,
1409,Queries on a Permutation With Key,81.70%,Medium,0, https://leetcode.com/problems/queries-on-a-permutation-with-key,
1421,NPV Queries,80.60%,Medium,0, https://leetcode.com/problems/npv-queries,
1457,Pseudo-Palindromic Paths in a Binary Tree,67.30%,Medium,0, https://leetcode.com/problems/pseudo-palindromic-paths-in-a-binary-tree,
1489,Find Critical and Pseudo-Critical Edges in Minimum Spanning Tree,50.60%,Hard,0, https://leetcode.com/problems/find-critical-and-pseudo-critical-edges-in-minimum-spanning-tree,
1496,Path Crossing,55.90%,Easy,0, https://leetcode.com/problems/path-crossing,
1485,Clone Binary Tree With Random Pointer,81.00%,Medium,0, https://leetcode.com/problems/clone-binary-tree-with-random-pointer,
1502,Can Make Arithmetic Progression From Sequence,73.30%,Easy,0, https://leetcode.com/problems/can-make-arithmetic-progression-from-sequence,
1490,Clone N-ary Tree,84.50%,Medium,0, https://leetcode.com/problems/clone-n-ary-tree,
1533,Find the Index of the Large Integer,57.10%,Medium,0, https://leetcode.com/problems/find-the-index-of-the-large-integer,
